{"cameraMode":{"drawMode":0,"name":"Shaded","section":"Shading Mode"},"sceneLighting":false,"audioPlay":false,"sceneViewState":{"showFog":true,"showMaterialUpdate":false,"showSkybox":true,"showFlares":true,"showImageEffects":true,"showParticleSystems":true},"in2DMode":false,"pivot":{"x":-0.6685967445373535,"y":-3.650003433227539,"z":-8.985880851745606},"rotation":{"x":0.15957386791706086,"y":0.8023434281349182,"z":-0.24634793400764466,"w":0.5197223424911499},"size":11.847295761108399,"orthographic":true}