{"cameraMode":{"drawMode":0,"name":"Shaded","section":"Shading Mode"},"sceneLighting":true,"audioPlay":false,"sceneViewState":{"showFog":true,"showMaterialUpdate":false,"showSkybox":true,"showFlares":true,"showImageEffects":true,"showParticleSystems":true},"in2DMode":false,"pivot":{"x":-3.0853404998779299,"y":-4.439329147338867,"z":1.9274606704711915},"rotation":{"x":0.18917718529701234,"y":-0.7727369666099548,"z":0.2693503499031067,"w":0.5427247881889343},"size":18.500925064086915,"orthographic":true}